Album,Year,album_id,artist_id
Bob Dylan,1962,148,14
The Freewheelin' Bob Dylan,1963,1061,14
Another Side Of Bob Dylan,1964,82,14
"Wednesday Morning, 3 A.M.",1964,1221,72
The Times They Are A-Changin',1964,1108,14
12 X 5,1964,4,85
England's Newest Hitmakers,1964,357,85
The Rolling Stones,1964,1094,85
The Paul Simon Songbook,1965,1085,61
December's Children (And Everybody's),1965,281,85
Out Of Our Heads,1965,744,85
"The Rolling Stones, Now!",1965,1096,85
The Rolling Stones No. 2,1965,1095,85
Highway 61 Revisited,1965,480,14
Bringing It All Back Home,1965,174,14
The Who Sings My Generation (U.S. Version),1965,1119,86
Blonde On Blonde,1966,142,14
Jefferson Airplane Takes Off,1966,551,44
Fresh Cream,1966,411,20
"Parsley, Sage, Rosemary And Thyme",1966,756,72
A Quick One (Expanded Edition),1966,32,86
Aftermath,1966,51,85
Sounds Of Silence,1966,959,72
Between The Buttons,1967,124,85
Strange Days,1967,990,83
Their Satanic Majesties Request (50th Anniversary Special Edition / Remastered),1967,1125,85
Big Brother & The Holding Company,1967,127,43
John Wesley Harding,1967,552,14
Bee Gees' 1st,1967,119,9
The Doors,1967,1051,83
The Piper at the Gates of Dawn,1967,1086,63
The Nitty Gritty Dirt Band,1967,1079,58
Ricochet,1967,848,58
Days Of Future Passed,1967,277,56
David Bowie,1967,275,23
The Who Sell Out (Expanded Edition),1967,1118,86
After Bathing At Baxters,1967,48,44
Disraeli Gears,1967,310,20
Sailor,1968,887,76
Children Of The Future,1968,221,76
Rare Junk,1968,826,58
Bookends,1968,153,72
Waiting for the Sun,1968,1210,83
Horizontal,1968,491,9
Idea,1968,513,9
The Second,1968,1098,75
Steppenwolf,1968,979,75
Cheap Thrills,1968,200,43
Beggars Banquet (50th Anniversary Edition),1968,120,85
Mr. Wonderful,1968,674,35
A Saucerful of Secrets,1968,33,63
In Search Of The Lost Chord,1968,519,56
This Was (2001 Remaster),1968,1135,45
Creedence Clearwater Revival,1968,253,21
Crown Of Creation,1968,259,44
Three Dog Night,1968,1136,87
Wheels Of Fire,1968,1231,20
Deep Purple,1968,283,24
The Book of Taliesyn,1968,1036,24
Odessa,1969,723,9
Stand Up,1969,973,45
Santana,1969,890,70
I Got Dem Ol' Kozmic Blues Again Mama!,1969,508,43
Suitable For Framing,1969,1002,87
From Genesis to Revelation,1969,412,37
Nashville Skyline,1969,679,14
Grand Funk (Red Album) [Expanded Edition],1969,444,38
Let It Bleed (50th Anniversary Edition / Remastered 2019),1969,585,85
Ramblin' Gamblin' Man,1969,824,15
The Soft Parade,1969,1103,83
Then Play On,1969,1126,35
Chicago Transit Authority,1969,210,19
Goodbye,1969,438,20
Bayou Country,1969,114,21
Green River (Remastered 1985),1969,448,21
Willy And The Poor Boys,1969,1242,21
David Bowie (aka Space Oddity),1969,276,23
At Your Birthday Party,1969,92,75
Monster,1969,665,75
Tommy (Deluxe Edition),1969,1146,86
Wedding Album,1969,1220,47
Brave New World,1969,165,76
Pretties for You,1969,801,4
Ummagumma,1969,1184,63
Led Zeppelin (Remaster),1969,578,51
More,1969,667,63
Led Zeppelin II (Remaster),1969,580,51
The Allman Brothers Band (Deluxe),1969,1030,5
To Our Children's Children's Children,1969,1143,56
On The Threshold Of A Dream,1969,728,56
Pendulum,1970,766,21
Number 5,1970,716,76
Abraxas,1970,41,70
Deep Purple in Rock,1970,284,24
Deja Vu,1970,289,22
Benefit,1970,123,45
Cosmo's Factory,1970,245,21
Atom Heart Mother,1970,93,63
In the Hot Seat,1970,528,32
Love Beach,1970,619,32
"Works, Vol. 1",1970,1251,32
The Man Who Sold the World,1970,1074,23
Idlewild South,1970,514,5
2 Years On,1970,8,9
Cucumber Castle,1970,263,9
Morrison Hotel,1970,668,83
Trespass,1970,1161,37
Plastic Ono Band,1970,790,47
Naturally,1970,680,87
Closer To Home,1970,229,38
Led Zeppelin III (Remaster),1970,582,51
Eric Clapton,1970,360,33
Steppenwolf 7,1970,980,75
Chicago II,1970,208,19
Bridge Over Troubled Water,1970,171,72
Self Portrait,1970,905,14
A Question Of Balance,1970,31,56
Easy Action,1970,336,4
Paranoid,1970,754,11
It Ain't Easy,1970,542,87
Black Sabbath,1970,135,11
Tumbleweed Connection,1970,1173,31
New Morning,1970,689,14
Kiln House,1970,565,35
Elton John,1970,347,31
E Pluribus Funk (Remastered),1971,332,38
Harmony,1971,455,87
Who's Next (Remastered 2022),1971,1236,86
Chicago III,1971,209,19
Hunky Dory,1971,504,23
Master of Reality,1971,643,11
Bark (Bonus Tracks),1971,109,44
Santana (III),1971,891,70
Cold Spring Harbor,1971,233,10
Led Zeppelin IV (Remaster),1971,584,51
Aqualung,1971,85,45
ZZ Top's First Album,1971,1274,93
"Works, Vol. 1",1971,1252,32
Imagine,1971,515,47
Rock Love,1971,865,76
Love It to Death,1971,625,4
REO Speedwagon,1971,819,67
Sticky Fingers (Remastered),1971,981,85
For Ladies Only,1971,398,75
Killer,1971,562,4
Every Good Boy Deserves Favour,1971,364,56
Honky Chateau,1971,490,31
Madman Across The Water,1971,633,31
Nursery Cryme,1971,717,37
Future Games,1971,418,35
Meddle,1971,646,63
The Doobie Brothers,1971,1050,82
Trilogy,1971,1164,32
Trafalgar,1971,1158,9
Other Voices,1971,743,83
L.A. Woman,1971,570,83
Brain Salad Surgery,1971,160,32
"Works, Vol. 2",1971,1256,32
Tarkus (Deluxe),1971,1016,32
Fireball,1971,386,24
Pearl (Legacy Edition),1971,765,43
At Fillmore East,1971,91,5
Bare Trees,1972,108,35
Exile On Main Street (2010 Re-Mastered),1972,367,85
Toulouse Street,1972,1155,82
Blue Oyster Cult,1972,147,13
Full Circle,1972,416,83
School's Out,1972,898,4
Rio Grande Mud,1972,854,93
Obscured by Clouds,1972,721,63
Foxtrot,1972,406,37
Lonesome Crow,1972,606,71
Foghat,1972,396,36
Chicago V (Expanded & Remastered),1972,211,19
Caravanserai,1972,193,70
Phoenix (Expanded Edition),1972,776,38
Long John Silver,1972,608,44
Styx,1972,1000,79
Machine Head,1972,630,24
Can't Buy A Thrill,1972,191,74
Barnstorm,1972,111,46
Homecoming,1972,488,6
To Whom It May Concern,1972,1144,9
In the Hot Seat,1972,529,32
Love Beach,1972,620,32
"Works, Vol. 1",1972,1253,32
Sometime In New York City,1972,948,47
Aladdin Sane,1972,56,23
America,1972,66,6
The Rise and Fall of Ziggy Stardust and the Spiders from Mars,1972,1093,23
Seventh Sojourn,1972,913,56
Recall The Beginning...A Journey From Eden,1972,832,76
Eagles,1972,334,29
All The Good Times,1972,63,58
Vol. 4,1972,1205,11
T.W.O.,1972,1010,67
Thick as a Brick,1972,1131,45
Mardi Gras,1972,641,21
Seven Separate Fools,1972,909,87
Paul Simon,1972,761,61
Eat A Peach,1972,337,5
The Dark Side of the Moon,1973,1046,63
Goats Head Soup - Remastered 2009,1973,432,85
Electric Light Orchestra II,1973,344,30
On the Third Day,1973,731,30
The Joker,1973,1068,76
Don't Shoot Me I'm Only The Piano Player,1973,314,31
Goodbye Yellow Brick Road (Remastered),1973,439,31
Ring Ring,1973,852,1
Pronounced 'Leh-'Nérd 'Skin-'Nérd (Expanded Edition),1973,806,53
The Captain and Me,1973,1038,82
"Works, Vol. 1",1973,1254,32
Chicago VI (Expanded & Remastered),1973,212,19
Aerosmith,1973,46,2
There Goes Rhymin' Simon,1973,1127,61
Tres Hombres,1973,1160,93
Trilogy,1973,1165,32
Brain Salad Surgery,1973,161,32
Pinups,1973,785,23
Penguin,1973,767,35
Countdown To Ecstasy,1973,247,74
"Works, Vol. 2",1973,1257,32
Who Do We Think We Are,1973,1235,24
Rock & Roll (aka Foghat),1973,858,36
The Serpent Is Rising,1973,1099,79
Styx II,1973,1001,79
Selling England by the Pound,1973,906,37
Desperado,1973,295,29
Quadrophenia (Super Deluxe Edition),1973,813,86
Bachman Turner Overdrive,1973,95,7
Billion Dollar Babies,1973,130,4
Dylan (1973),1973,330,14
Sabbath Bloody Sabbath,1973,884,11
Queen,1973,814,64
Mind Games,1973,654,47
Pat Garrett & Billy The Kid (Soundtrack From The Motion Picture),1973,759,14
"The Smoker You Drink, The Player You Get",1973,1102,46
We're An American Band (Expanded Edition / Remastered 2002),1973,1219,38
Piano Man,1973,779,10
Ridin' the Storm Out,1973,851,67
Hat Trick,1973,456,6
Bachman-Turner Overdrive II,1973,96,7
A Passion Play (2003 Remaster),1973,30,45
Tyranny And Mutation,1973,1183,13
Muscle of Love,1973,676,4
Welcome,1973,1222,70
Life In A Tin Can,1973,594,9
Cyan,1973,268,87
Houses of the Holy (Remaster),1973,500,51
All The Girls In The World Beware!!! (Remastered),1974,62,38
461 Ocean Boulevard,1974,14,33
Chicago VII (Expanded & Remastered),1974,213,19
So What (Reissue),1974,946,46
Caribou (Remastered 1995),1974,195,31
Sheer Heart Attack,1974,925,64
Secret Treaties,1974,904,13
Man Of Miracles,1974,638,79
Stormbringer,1974,987,24
Pretzel Logic,1974,802,74
What Were Once Vices Are Now Habits,1974,1229,82
Not Fragile,1974,709,7
Bad Company,1974,102,8
Borboletta,1974,154,70
Get Your Wings,1974,425,2
Rush,1974,880,69
Crime Of The Century (Remastered),1974,255,80
Streetlife Serenade,1974,998,10
Hard Labor,1974,453,87
Waterloo,1974,1215,1
War Child (2002 Remaster),1974,1214,45
Diamond Dogs,1974,299,23
Mr. Natural,1974,673,9
Burn (Expanded 2005 Remaster),1974,185,24
Heroes Are Hard to Find,1974,474,35
Walls And Bridges,1974,1213,47
Tina Turns The Country On!,1974,1142,88
Second Helping (Expanded Edition),1974,902,53
Rocka Rolla,1974,869,49
On the Border,1974,730,29
Rock and Roll Outlaws,1974,868,36
Slow Flux,1974,939,75
Planet Waves,1974,788,14
Energized (2016 Remaster),1974,356,36
Lost In a Dream,1974,614,67
Fly to the Rainbow,1974,395,71
It's Only Rock 'N' Roll,1974,544,85
Hotter Than Hell,1974,496,50
The Lamb Lies Down on Broadway,1974,1069,37
Stars And Stripes Forever,1974,975,58
Shinin' On (Expanded Edition),1974,926,38
Holiday,1974,484,6
Queen II,1974,815,64
Kiss,1974,568,50
No Answer,1974,701,30
Eldorado,1974,343,30
Crisis? What Crisis?,1975,257,80
Dressed To Kill,1975,326,50
Welcome to My Nightmare,1975,1225,4
"Win, Lose Or Draw",1975,1243,5
Still Crazy After All These Years,1975,982,61
Straight Shooter,1975,989,8
Toys In The Attic,1975,1157,2
Beautiful Loser,1975,117,15
Wish You Were Here,1975,1246,63
Minstrel in the Gallery (2002 Remaster),1975,656,45
Fly By Night,1975,393,69
Main Course,1975,635,9
Caress Of Steel,1975,194,69
Young Americans,1975,1271,23
Blood On The Tracks,1975,144,14
The Basement Tapes,1975,1031,14
Abba,1975,39,1
Coming Down Your Way,1975,237,87
Sabotage,1975,885,11
Head On,1975,458,7
Little River Band (Remastered 2022),1975,599,52
Physical Graffiti (Remaster),1975,778,51
Fleetwood Mac,1975,390,35
Hearts,1975,462,6
Journey,1975,553,48
A Night At The Opera,1975,29,64
Rock 'N' Roll,1975,860,47
Fandango!,1975,379,93
Acid Queen,1975,42,88
In Trance,1975,525,71
Rock Of The Westies,1975,866,31
Stampede,1975,972,82
Dreamboat Annie,1975,324,39
Four Wheel Drive,1975,405,7
Equinox,1975,359,79
This Time We Mean It,1975,1134,67
One of These Nights,1975,737,29
Chicago VIII (Expanded & Remastered),1975,214,19
Face the Music,1975,371,30
Katy Lied,1975,557,74
There's One In Every Crowd,1975,1129,33
The Who By Numbers (Expanded Edition),1975,1117,86
Nuthin' Fancy (Expanded Edition),1975,718,53
Come Taste the Band,1975,236,24
Fool for the City,1975,397,36
Hotel California,1976,495,29
Too Old to Rock 'n' Roll: Too Young to Die! (2002 Remaster),1976,1150,45
Hideaway,1976,477,6
R.E.O.,1976,818,67
Fly Like An Eagle,1976,394,76
Sad Wings Of Destiny,1976,886,49
The Royal Scam,1976,1097,74
Blue Moves,1976,146,31
Crystal Ball,1976,262,79
Run with the Pack,1976,879,8
Look Into The Future,1976,610,48
A New World Record,1976,28,30
Technical Ecstasy,1976,1021,11
Destroyer (Resurrected),1976,296,50
Takin' It to the Streets,1976,1013,82
American Pastime,1976,68,87
A Day At The Races,1976,21,64
Air Supply,1976,54,3
Agents Of Fortune,1976,53,13
Amigos,1976,70,70
Festival,1976,383,70
Boston,1976,158,17
Virgin Killer,1976,1203,71
Livin' on the Fault Line,1976,601,82
Good Singin' Good Playin',1976,436,38
Night Shift,1976,698,36
After Hours (Remastered 2022),1976,49,52
Alice Cooper Goes to Hell,1976,58,4
Night Moves,1976,697,15
Desire,1976,292,14
Born To Die (Expanded Edition),1976,157,38
Black And Blue (Remastered 2009),1976,133,85
A Trick of the Tail,1976,35,37
Wind & Wuthering,1976,1244,37
Gimme Back My Bullets (Expanded Edition),1976,428,53
2112,1976,11,69
Tejas,1976,1022,93
"Wipe The Windows, Check The Oil, Dollar Gas (Live)",1976,1245,5
Blondie (Remastered 2001),1976,143,12
Chicago X,1976,215,19
Station to Station,1976,976,23
Children Of The World,1976,222,9
Rock And Roll Over,1976,861,50
Presence (Remaster),1976,799,51
No Reason To Cry,1976,705,33
The Song Remains the Same (Remaster),1976,1104,51
Arrival,1976,87,1
Rocks,1976,872,2
In the Hot Seat,1977,530,32
"Emerson, Lake & Palmer",1977,348,32
Animals,1977,81,63
Street Survivors,1977,996,53
Sin After Sin,1977,930,49
Diamantina Cocktail (Remastered 2022),1977,298,52
Love Gun,1977,623,50
Songs from the Wood,1977,954,45
Brain Salad Surgery,1977,162,32
Love Beach,1977,621,32
A Farewell To Kings,1977,23,69
Little Queen,1977,598,39
Rumours,1977,878,35
Moonflower,1977,666,70
Out of the Blue,1977,745,30
Trilogy,1977,1166,32
"Works, Vol. 1",1977,1255,32
Next,1977,693,48
"Works, Vol. 2",1977,1258,32
Taken by Force,1977,1012,71
Slowhand 35th Anniversary,1977,941,33
Bat Out Of Hell,1977,112,54
News of the World,1977,692,64
Aja,1977,55,74
Peter Gabriel 1: Car (Remastered Version),1977,772,62
Tarkus (Deluxe),1977,1017,32
Magazine,1977,634,39
38 Special,1977,13,0
Plastic Letters,1977,789,12
"""Heroes"" ",1977,0,23
The Grand Illusion,1977,1063,79
Chicago XI,1977,216,19
In Color,1977,518,18
Cheap Trick,1977,201,18
The Album,1977,1029,1
Draw The Line,1977,322,2
Low,1977,628,23
Spectres,1977,965,13
The Stranger,1977,1105,10
Burnin' Sky,1977,186,8
Freeways,1977,410,7
Even In The Quietest Moments,1977,363,80
Lace and Whiskey,1977,572,4
Book Of Dreams,1977,152,76
Harbor,1977,451,6
Octave,1978,722,56
Don't Look Back,1978,313,17
Trouble,1978,1170,92
Heaven Tonight,1978,466,18
Minute by Minute,1978,657,82
Backless,1978,99,33
Jazz,1978,547,64
"But Seriously, Folks...",1978,189,46
Hot Streets (Expanded & Remastered),1978,494,19
"Works, Vol. 2",1978,1259,32
Trilogy,1978,1167,32
Tarkus (Deluxe),1978,1018,32
Brain Salad Surgery,1978,163,32
The Cars,1978,1040,81
Flush the Fashion,1978,392,4
An American Prayer,1978,72,83
Outlandos D'Amour (Remastered 2003),1978,746,84
Stone Blue,1978,985,36
Sleeper Catcher (Remastered 2022),1978,934,52
Rough,1978,875,88
Infinity,1978,534,48
"You Can Tune a Piano, But You Can't Tuna Fish",1978,1268,67
Heavy Horses (2003 Remaster),1978,468,45
Peter Gabriel 2: Scratch (Remastered Version),1978,773,62
52nd Street,1978,16,10
Never Say Die!,1978,684,11
Who Are You,1978,1234,86
Parallel Lines,1978,753,12
Hemispheres,1978,471,69
Killing Machine,1978,564,49
Stained Class,1978,971,49
Van Halen,1978,1196,91
Street-Legal,1978,997,14
And Then There Were Three,1978,77,37
Some Girls,1978,947,85
Stranger In Town,1978,992,15
Toto,1978,1151,89
Inner Secrets,1978,535,70
Dog & Butterfly,1978,312,39
From the Inside,1978,414,4
Dire Straits,1978,303,26
Pieces Of Eight,1978,783,79
Dirt Band,1978,305,58
Special Delivery,1978,962,0
A Single Man,1978,34,31
Mirrors,1979,659,13
Deguello,1979,287,93
Slow Train Coming,1979,940,14
Marathon,1979,640,70
Boogie Motel,1979,151,36
Eat To The Beat,1979,338,12
An American Dream,1979,71,58
Reggatta De Blanc (Remastered 2003),1979,838,84
Victim Of Love,1979,1201,31
Tusk,1979,1177,35
Dream Police,1979,323,18
Voulez-Vous,1979,1207,1
Night In The Ruts,1979,696,2
Discovery,1979,309,30
Spirits Having Flown,1979,968,9
In Through the out Door (Remaster),1979,524,51
First Under The Wire (Remastered 2022),1979,388,52
Van Halen II,1979,1197,91
Dynasty,1979,331,50
The Wall,1979,1114,63
Enlightened Rogues,1979,358,5
Hydra,1979,505,89
Lovedrive,1979,627,71
The Long Run,1979,1073,29
Evolution,1979,366,48
Silent Letter,1979,929,6
Love Explosion,1979,622,88
Love And Other Bruises,1979,616,3
Communiqué,1979,238,26
Desolation Angels,1979,294,8
Stormwatch,1979,988,45
Nine Lives,1979,700,67
In The Heat Of The Night,1979,522,60
Breakfast In America (Remastered),1979,169,80
Reel To Real Cacophony,1979,836,73
Lodger,1979,605,23
Chicago 13 (Expanded & Remastered),1979,202,19
Cornerstone,1979,244,79
Rockin' Into The Night,1979,871,0
Life In A Day,1979,593,73
Candy-O,1979,192,81
Emotional Rescue (2009 Re-Mastered),1980,350,85
On Through The Night (Remastered),1980,729,25
Against The Wind,1980,52,15
Iron Maiden,1980,540,42
Glass Houses,1980,431,10
Panorama,1980,750,81
Hi Infidelity (2024 Remaster),1980,476,67
Girls to Chat & Boys to Bounce (2016 Remaster),1980,429,36
Peter Gabriel 3: Melt (Remastered Version),1980,774,62
A (2004 Remaster),1980,19,45
Heaven and Hell,1980,467,11
Chicago XIV (Expanded & Remastered),1980,217,19
Empires And Dance,1980,353,73
One Step Closer,1980,735,82
Gaucho,1980,419,74
Permanent Waves,1980,770,69
One-Trick Pony,1980,738,61
Saved,1980,895,14
Make A Little Magic,1980,636,58
Autoamerican (Remastered 2001),1980,94,12
Super Trouper,1980,1003,1
INXS,1980,511,41
Bebe Le Strange,1980,118,39
Cultosaurus Erectus,1980,265,13
Duke,1980,327,37
Lost in Love,1980,615,3
Tight Shoes,1980,1137,36
Huey Lewis & The News,1980,502,40
Scary Monsters (And Super Creeps),1980,897,23
Reach For The Sky,1980,827,5
Making Movies,1980,637,26
All Shook Up,1980,60,18
Ready An' Willing,1980,828,92
Women and Children First,1980,1248,91
British Steel,1980,175,49
Departure,1980,291,48
Animal Magnetism,1980,79,71
Unmasked,1980,1193,50
Double Fantasy,1980,317,47
Alibi,1980,57,6
21 At 33,1980,10,31
Zenyatta Mondatta (Remastered 2003),1980,1276,84
Flash Gordon (Original Soundtrack),1980,389,64
The Game,1980,1062,64
Crimes Of Passion,1980,256,60
Moving Pictures (2011 Remaster),1981,672,69
Duran Duran,1981,328,28
Underneath the Colours,1981,1192,41
Paradise Theatre,1981,752,79
Fair Warning,1981,373,91
"Music From ""The Elder"" (Remastered)",1981,677,50
Jealousy 81',1981,548,58
Circle Of Love,1981,226,76
Killers,1981,563,42
Time Exposure (Remastered 2022),1981,1140,52
The One That You Love,1981,1083,3
Mob Rules,1981,660,11
Dead Ringer,1981,278,54
Come An' Get It,1981,234,92
Time,1981,1138,30
Point Of Entry,1981,792,49
Living Eyes,1981,602,9
Turn Back,1981,1175,89
Bella Donna (2016 Remastered),1981,122,77
Escape,1981,361,48
Shake It Up,1981,920,81
There Goes the Neighborhood,1981,1128,46
Diary Of A Madman,1981,301,59
Fire of Unknown Origin,1981,385,13
Wild-Eyed Southern Boys,1981,1240,0
Face Dances,1981,369,86
Brothers Of The Road,1981,179,5
Too Fast For Love,1981,1148,57
Long Distance Voyager,1981,607,56
In The Garden,1981,521,34
Abacab,1981,38,37
Grand Funk Lives,1981,445,38
Another Ticket,1981,83,33
Zebop!,1981,1275,70
Sons And Fascination/Sister Feelings Call,1981,956,73
The Visitors,1981,1113,1
Tattoo You (2009 Re-Mastered),1981,1020,85
Special Forces,1981,964,4
Precious Time,1981,797,60
The Fox,1981,1060,31
El Loco,1981,342,93
Ghost In The Machine (Remastered 2003),1981,426,84
High 'N' Dry,1981,478,25
Shot Of Love,1981,927,14
Saints & Sinners,1982,888,92
Under the Blade,1982,1189,90
Good Trouble,1982,437,67
It's Hard,1982,543,86
Peter Gabriel 4: Security (Remastered Version),1982,775,62
Rough Diamonds,1982,876,8
In the Mood for Something Rude,1982,531,36
Jump Up!,1982,555,31
I Can't Stand Sill,1982,507,27
Abracadabra,1982,40,76
The Nylon Curtain,1982,1081,10
Toto IV,1982,1152,89
Rock In A Hard Place,1982,863,2
The Distance,1982,1047,15
Now And Forever,1982,713,3
Broadsword and the Beast (2005 Remaster),1982,176,45
Screaming For Vengeance,1982,901,49
One On One,1982,734,18
Get Nervous,1982,424,60
Signals,1982,928,69
Zipper Catches Skin,1982,1278,4
Chicago 16 (Expanded & Remastered),1982,203,19
Picture This,1982,780,40
Rio (2001 Remaster),1982,853,28
Hot Space,1982,493,64
Blackout,1982,138,71
Private Audition,1982,803,39
Coda (Remaster),1982,232,51
Shabooh Shoobah,1982,916,41
Famous Last Words (Remastered),1982,378,80
Love Over Gold,1982,626,26
Special Forces,1982,963,0
The Hunter,1982,1066,12
New Gold Dream,1982,686,73
Fear of the Dark,1982,382,42
The Number of the Beast,1982,1080,42
Pictures at Eleven,1982,781,68
View From The Ground,1982,1202,6
Creatures Of The Night,1982,252,50
Mirage,1982,658,35
Diver Down,1982,311,91
Shango,1982,923,70
Eliminator,1983,346,93
Your Move,1983,1272,6
Synchronicity (Remastered 2003),1983,1009,84
Tour De Force,1983,1156,0
You Can't Stop Rock 'N' Roll,1983,1269,90
Frontiers,1983,415,48
Too Low For Zero,1983,1149,31
Metal Health,1983,648,66
Next Position Please,1983,694,18
The Present,1983,1087,56
Let's Dance,1983,587,23
Lick It Up,1983,591,50
The Final Cut,1983,1057,63
The Net (Remastered 2022),1983,1077,52
Touch,1983,1154,34
Sweet Dreams (Are Made Of This),1983,1007,34
Seven and the Ragged Tiger,1983,912,28
DaDa,1983,272,4
Money and Cigarettes (2007 Remaster),1983,662,33
Zig Zag Walk,1983,1277,36
Texas Flood (Legacy Edition),1983,1026,78
You Bought It - You Name It,1983,1267,46
Born Again,1983,155,11
Genesis,1983,421,37
Secret Messages,1983,903,30
Pyromania,1983,810,25
An Innocent Man,1983,75,10
Hearts And Bones,1983,463,61
The Wild Heart (2016 Remastered),1983,1120,77
Piece of Mind,1983,782,42
Let's Go,1983,588,58
Infidels,1983,532,14
Kilroy Was Here,1983,566,79
The Principle of Moments,1983,1088,68
Bark At The Moon,1983,110,59
Kill 'Em All,1983,561,55
The Revolution By Night,1983,1091,13
Sports,1983,969,40
Undercover,1983,1191,85
Passionworks,1983,758,39
Midnight At The Lost And Found,1983,650,54
Plain Dirt Fashion,1983,786,58
The Swing,1984,1106,41
Tonight,1984,1147,23
Building The Perfect Beast,1984,183,27
Love At First Sting,1984,618,71
Ride The Lightning,1984,850,55
The Works,1984,1121,64
Condition Critical,1984,240,66
Tropico,1984,1169,60
Stay Hungry,1984,977,90
Grace Under Pressure,1984,441,69
1984,1984,6,91
Animalize,1984,80,50
Powerslave,1984,796,42
Perfect Strangers,1984,768,24
The Warning,1984,1115,65
Chicago 17 (Expanded & Remastered),1984,204,19
Breaking Hearts,1984,170,31
Bad Attitude,1984,101,54
Under Wraps (2005 Remaster),1984,1188,45
Heartbeat City,1984,461,81
Milk And Honey,1984,653,47
Perspective,1984,771,6
Sparkle In The Rain,1984,961,73
Bon Jovi,1984,149,16
Private Dancer (30th Anniversary Issue),1984,804,88
Italian X Rays,1984,545,76
Isolation,1984,541,89
Wheels Are Turnin',1984,1230,67
Defenders Of The Faith,1984,286,49
Couldn't Stand The Weather,1984,246,78
Slide It In,1984,936,92
Beyond Appearances,1985,125,70
Ice On Fire,1985,512,31
Afterburner,1985,50,93
"Partners, Brothers and Friends",1985,757,58
7800 Fahrenheit,1985,18,16
Listen Like Thieves,1985,597,41
Heart,1985,460,39
Done With Mirrors,1985,315,2
Shaken 'N' Stirred,1985,921,68
Club Ninja,1985,230,13
Soul to Soul,1985,957,78
Come Out and Play,1985,235,90
Brother Where You Bound (Remastered),1985,177,80
Asylum,1985,90,50
Brothers in Arms,1985,180,26
Once Upon A Time,1985,732,73
Rock a Little,1985,867,77
Be Yourself Tonight,1985,115,34
Power Windows,1985,795,69
The Confessor,1985,1044,46
The Air Supply Album,1985,1028,3
Playing To Win (Remastered 2022),1985,791,52
Theatre of Pain,1985,1124,57
Standing On The Edge,1985,974,18
Empire Burlesque,1985,352,14
Seven The Hard Way,1985,910,60
Blind Before I Stop,1986,141,54
No Reins (Remastered 2022),1986,706,52
The Ultimate Sin,1986,1109,59
Strength In Numbers,1986,999,0
Graceland,1986,442,61
So (25th Anniversary Deluxe Edition),1986,944,62
Master of Puppets,1986,642,55
Hearts In Motion,1986,464,3
Notorious,1986,711,28
Constrictor,1986,242,4
Fore!,1986,401,40
Seventh Star,1986,915,11
The Bridge,1986,1037,10
Dirty Work (Remastered 2009),1986,308,85
Knocked Out Loaded,1986,569,14
Fame and Fortune,1986,376,8
Invisible Touch,1986,539,37
Like A Rock,1986,596,15
Slippery When Wet,1986,938,16
Third Stage,1986,1132,17
Break Every Rule,1986,168,88
Raised On Radio,1986,822,48
Turbo 30,1986,1174,49
Revenge,1986,845,34
The Doctor,1986,1049,18
Fahrenheit,1986,372,89
Leather Jackets,1986,576,31
Living In The 20th Century,1986,603,76
A Kind of Magic,1986,24,64
Balance of Power,1986,104,30
5150,1986,15,91
Rage For Order,1986,820,65
The Warning,1986,1116,65
Chicago 18,1986,205,19
Somewhere in Time,1986,949,42
Qr III,1986,812,66
Freedom,1987,409,70
Tango in the Night,1987,1015,35
Never Let Me Down,1987,683,23
Free As A Bird,1987,407,80
Hysteria,1987,506,25
Savage,1987,893,34
Kick,1987,560,41
Bad Animals,1987,100,39
A Momentary Lapse of Reason,1987,27,63
Door to Door,1987,316,81
The House Of Blue Light,1987,1065,24
"Girls, Girls, Girls (Deluxe Version)",1987,430,57
Hold On,1987,482,58
Whitesnake (2018 Remaster),1987,1233,92
Raise Your Fist And Yell,1987,821,4
Hold Your Fire,1987,483,69
The Christmas Album,1987,1041,3
The Eternal Idol,1987,1056,11
E.S.P.,1987,333,9
Got Any Gum?,1987,440,46
Crazy Nights,1987,250,50
Crest of a Knave (2005 Remaster),1987,254,45
Life As We Know It,1987,592,67
Permanent Vacation,1987,769,2
Love Is for Suckers,1987,624,90
Ram It Down,1988,823,49
The Seventh One,1988,1100,89
No Rest for the Wicked,1988,707,59
Chicago 19,1988,206,19
Seventh Son of a Seventh Son,1988,914,42
Lap Of Luxury,1988,573,18
American Dream,1988,67,22
Monsoon,1988,663,52
Reg Strikes Back,1988,837,31
Operation: Mindcrime,1988,739,65
OU812,1988,720,91
Quiet Riot,1988,817,66
Workin' Band,1988,1250,58
Savage Amusement,1988,894,71
...And Justice for All,1988,1,55
Sur La Mer,1988,1005,56
Small World,1988,942,40
Big Thing,1988,129,28
New Jersey (Deluxe Edition),1988,688,16
Rock & Roll Strategy,1988,859,0
New Jersey,1988,687,16
Now and Zen,1988,715,68
Down In The Groove,1988,318,14
Dangerous Age,1988,274,8
Wide Awake In Dreamland,1988,1238,60
Imaginos,1988,516,13
The Other Side of the Mirror,1989,1084,77
The Miracle,1989,1075,64
Cycles,1989,269,82
Steel Wheels (Remastered 2009),1989,978,85
Presto,1989,800,69
Slip of the Tongue (2019 Remaster),1989,937,92
Foreign Affair,1989,402,88
In Step,1989,520,78
Street Fighting Years,1989,995,73
Jefferson Airplane,1989,550,44
One,1989,733,9
We Too Are One,1989,1217,34
Oh Mercy,1989,724,14
Trash,1989,1159,4
Rock Island (2006 Remaster),1989,864,45
Headless Cross,1989,459,11
Storm Front,1989,986,10
Dr. Feelgood (Deluxe Version),1989,320,57
Pump,1989,808,2
Journeyman,1989,554,33
The End Of The Innocence,1989,1054,27
Hot In The Shade,1989,492,50
Sleeping With The Past (Remastered with bonus tracks),1989,935,31
No Prayer for the Dying,1990,704,42
Busted,1990,188,18
The Rhythm Of The Saints,1990,1092,61
Manic Nirvana,1990,639,68
The Rest Of The Dream,1990,1090,58
Painkiller,1990,748,49
"The Earth, A Small Man, His Dog And A Chicken",1990,1053,67
X,1990,1264,41
Seven Turns,1990,911,5
Empire,1990,351,65
Get Lucky,1990,423,52
Under The Red Sky,1990,1187,14
Brigade,1990,173,39
Holy Water,1990,487,8
Crazy World,1990,251,71
Liberty,1990,589,28
Edge Of The Century,1990,340,79
Recycler,1990,833,93
Spirits Dancing In The Flesh,1990,967,70
Behind the Mask,1990,121,35
Slaves and Masters (Bonus Track Version),1990,933,24
True Love,1991,1172,60
Ordinary Average Guy,1991,741,46
Hey Stoopid,1991,475,4
Twenty 1 (Expanded Edition),1991,1179,19
Lynyrd Skynyrd 1991,1991,629,53
High Civilization,1991,479,9
Real Life,1991,829,73
Shades of Two Worlds,1991,917,5
On Every Street,1991,727,26
Innuendo,1991,536,64
The Sky Is Crying,1991,1101,78
No More Tears,1991,703,59
Bone Against Steel,1991,150,0
The Fire Inside,1991,1059,15
Hard At Play,1991,452,40
Catfish Rising (2006 Remaster),1991,198,45
Keys of the Kingdom,1991,559,56
Brotherhood,1991,178,82
Metallica,1991,649,55
Roll the Bones (2004 Remaster),1991,873,69
For Unlawful Carnal Knowledge,1991,399,91
We Can't Dance,1991,1216,37
The Earth Is...,1991,1052,3
Good As I Been To You,1992,434,14
Revenge,1992,846,50
The One,1992,1082,31
Here Comes Trouble,1992,473,8
Milagro,1992,652,70
Adrenalize,1992,45,25
Dehumanizer,1992,288,11
Tyr,1992,1182,11
Keep The Faith,1992,558,16
Rush (Music from the Motion Picture Soundtrack),1992,881,33
Welcome to Wherever You Are,1992,1226,41
Songs for a Dying Planet,1992,953,46
Kingdom Of Desire,1992,567,89
Us (Remastered Version),1992,1195,62
An Evening with The Allman Brothers Band: First Set,1992,74,5
Size Isn't Everything,1993,931,9
"Full Moon, Dirty Hearts",1993,417,41
World Gone Wrong,1993,1262,14
The Last Rebel,1993,1070,53
River Of Dreams,1993,855,10
Desire Walks On,1993,293,39
Gravity's Rainbow,1993,446,60
The Battle Rages On,1993,1032,24
Fate of Nations,1993,381,68
Bat Out Of Hell II: Back Into Hell,1993,113,54
Duran Duran,1993,329,28
Face The Heat,1993,370,71
Black Tie White Noise,1993,137,23
Buddha of Suburbia,1993,182,23
Wide River,1993,1239,76
Get A Grip,1993,422,2
Counterparts (2004 Remaster),1993,248,69
The Vanishing Race,1993,1111,3
Tarkus (Deluxe),1994,1019,32
"Emerson, Lake & Palmer",1994,349,32
Woke Up With A Monster,1994,1247,18
Cult Classic (Remastered),1994,264,13
Street Angel,1994,994,77
Voodoo Lounge (Remastered 2009),1994,1206,85
"Works, Vol. 2",1994,1260,32
Antenna,1994,84,93
Hell Freezes Over,1994,469,29
The Last Temptation,1994,1071,4
Cross Purposes,1994,258,11
From the Cradle,1994,413,33
Motley Crue,1994,670,57
Endangered Species,1994,354,53
Hourglass,1994,497,6
Where It All Begins,1994,1232,5
Promised Land,1994,805,65
Acoustic,1994,43,58
Walk On,1994,1212,17
The Division Bell,1994,1048,63
Time,1995,1139,35
1. Outside (The Nathan Adler Diaries: A Hyper Cycle),1995,3,23
Ozzmosis,1995,747,59
Welcome To The Neighborhood,1995,1224,54
An Evening with The Allman Brothers Band: 2nd Set,1995,73,5
The X Factor,1995,1122,42
News From Nowhere,1995,691,3
These Days,1995,1130,16
Night & Day: Big Band,1995,695,19
Balance,1995,103,91
Roots to Branches (2006 Remaster),1995,874,45
Company of Strangers,1995,239,8
Good News From The Next World,1995,435,73
Thank You,1995,1027,28
Tambu,1995,1014,89
Forbidden,1995,400,11
Made in Heaven,1995,632,64
Made In England,1995,631,31
Building the Bridge,1996,184,67
Slang (Deluxe Edition),1996,932,25
Rhythmeen,1996,847,93
Test for Echo (2004 Remaster),1996,1024,69
Purpendicular,1996,809,24
Trial By Fire,1996,1162,48
Wildest Dreams,1996,1241,88
Load,1996,604,55
Pop Trash,1997,794,28
Elegantly Wasted (Remastered),1997,345,41
Earthling,1997,335,23
Nine Lives,1997,699,2
Medazzaland,1997,645,28
Calling All Stations,1997,190,37
The Complete BBC Sessions (Remastered),1997,1043,51
Resolution,1997,841,0
Restless Heart (25th Anniversary Edition),1997,842,92
Reload,1997,839,55
1997,1997,7,18
The Big Picture,1997,1033,31
Still Waters,1997,983,9
Time Out Of Mind,1997,1141,14
Bridges To Babylon (Remastered),1997,172,85
Songs From The Capeman,1997,950,61
Twenty,1997,1178,53
The Book Of Love,1997,1034,3
Generation Swine,1997,420,57
Pilgrim,1998,784,33
Neapolis,1998,681,73
Psycho Circus,1998,807,50
Van Halen III,1998,1198,91
Virtual XI,1998,1204,42
Alive and Well (Deluxe Edition),1999,59,66
Peace,1999,762,34
Brave New World,1999,166,79
Hours...,1999,498,23
J-Tull Dot Com,1999,546,45
Twenty Four Seven,1999,1180,88
Bang Bang Bang,1999,106,58
No Exit,1999,702,12
Euphoria,1999,362,25
Q2K,1999,811,65
Looking Forward,1999,611,22
Chicago XXVI: Live in Concert,1999,218,19
Mindfields,1999,655,89
Edge of Forever,1999,341,53
X X X,1999,1265,93
Supernatural (Remastered),1999,1004,70
Strange Times,1999,991,56
Two Against Nature,2000,1181,74
Inside Job,2000,537,27
New Tattoo,2000,690,57
Peakin' at the Beacon,2000,764,5
Brutal Planet,2000,181,4
Arrival,2000,88,48
Crush,2000,260,16
Brave New World,2000,164,42
You're The One,2000,1270,61
Christmas Time Again,2000,225,53
Yours Truly,2001,1273,3
Dragontown,2001,321,4
Songs From The West Coast (Expanded Edition),2001,952,31
Demolition (Explicit Version),2001,290,49
Reptile,2001,840,33
Trouble in Shangri-La,2001,1171,77
Fantasies & Delusions,2001,380,10
Love And Theft,2001,617,14
Down To Earth,2001,319,59
Neon Lights,2001,682,73
Just Push Play,2001,556,2
A Wild-Eyed Christmas Night,2001,37,0
Curse of the Hidden Mirror,2001,266,13
Zoom,2001,1279,30
This Is Where I Came In,2001,1133,9
Plan B,2001,787,40
Cry,2002,261,73
Up,2002,1194,62
X,2002,1263,25
Bounce,2002,159,16
Vapor Trails (2013 Remix),2002,1199,69
Holiday Harmony,2002,485,6
Shaman,2002,922,70
Heathen,2002,465,23
Dreamland,2002,325,68
How the West Was Won (Remaster),2003,501,51
Everything Must Go,2003,365,74
Hittin' the Note,2003,481,5
Tribe,2003,1163,65
December,2003,280,56
Vicious Cycle,2003,1200,53
The Jethro Tull Christmas Album,2003,1067,45
Say You Will,2003,896,35
Mescalero,2003,647,93
Dance of Death,2003,273,42
St. Anger,2003,970,55
Reality,2003,830,23
Cyclorama,2003,270,79
Family Joules,2003,377,36
The Curse of Blondie,2003,1045,12
Honkin' On Bobo,2004,489,2
One Way Out,2004,736,5
Astronaut,2004,89,28
Peachtree Road (Expanded Edition),2004,763,31
Test of Time,2004,1025,52
Welcome to Woody Creek,2004,1227,58
Me and Mr. Johnson,2004,644,33
Unbreakable,2004,1185,71
Big Bang Theory,2005,126,79
All That I Am,2005,61,70
Dirty Diamonds,2005,307,4
Angel Of Retribution,2005,78,49
Rapture of the Deep,2005,825,24
Under Cover,2005,1186,59
A Bigger Bang (2009 Re-Mastered),2005,20,85
Switch,2005,1008,41
Back Home,2005,97,33
Mighty Rearranger,2005,651,68
Have A Nice Day,2005,457,16
Black & White,2005,132,73
A Twisted Christmas,2006,36,90
Operation: Mindcrime II,2006,740,65
Rearranged,2006,831,52
Chicago XXX,2006,219,19
Endless Wire,2006,355,86
Rockford,2006,870,18
A Matter of Life and Death,2006,26,42
Falling In Between,2006,375,89
Surprise,2006,1006,61
Modern Times,2006,661,14
The Captain and The Kid,2006,1039,31
Yeah!,2006,1266,25
Find Your Own Way Home,2007,384,67
Snakes & Arrows,2007,943,69
Mothership (Remastered),2007,669,51
Here & Now (Expanded Edition),2007,472,6
Humanity - Hour I,2007,503,71
Lost Highway,2007,613,16
Take Cover,2007,1011,65
Black Rain,2007,134,59
Long Road out of Eden,2007,609,29
Red Carpet Massacre,2007,834,28
Chicago XXXII: Stone of Sisyphus,2008,220,19
Death Magnetic,2008,279,55
Along Came A Spider,2008,65,4
Songs From The Sparkle Lounge,2008,951,25
Nostradamus,2008,708,49
Revelation,2008,844,48
Saints Of Los Angeles,2008,889,57
Graffiti Soul,2009,443,73
American Soldier,2009,69,65
Sonic Boom,2009,955,50
Not So Silent Night... Christmas With REO Speedwagon,2009,710,67
The Latest,2009,1072,18
Together Through Life,2009,1145,14
Speed of Life,2009,966,58
Christmas In The Heart,2009,224,14
God & Guns,2009,433,53
The Circle,2009,1042,16
Scream,2010,900,59
Mumbo Jumbo,2010,675,3
Live At The Isle Of Wight,2010,600,56
The Final Frontier,2010,1058,42
Scratch My Back (Special Edition),2010,899,62
The Union,2010,1110,31
World Gone Crazy,2010,1261,82
Sting in the Tail,2010,984,71
Clapton,2010,227,33
Band of Joy,2010,105,68
Last Train Home,2010,574,36
Bingo!,2010,131,76
Soulsville,2010,958,40
Eclipse,2011,339,48
O Christmas Three (2023 Remaster),2011,719,19
Dedicated to Chaos,2011,282,65
Move Like This,2011,671,81
In Your Dreams,2011,526,77
ForeverMore,2011,404,92
All You Need Is Now (duplicate),2011,64,28
Let Your Hair Down,2011,586,76
A Little River Band Christmas,2011,25,52
Welcome 2 My Nightmare,2011,1223,4
New Blood,2011,685,62
So Beautiful or So What,2011,945,61
Panic of Girls,2011,749,12
Back Pages,2011,98,6
Hell In A Handbasket,2012,470,54
Monster,2012,664,50
Celebration Day,2012,199,51
Coda (Deluxe Edition),2012,231,51
Music From Another Dimension!,2012,678,2
Last of a Dyin' Breed,2012,575,53
A Different Kind Of Truth,2012,22,91
Analog Man,2012,76,46
Tempest,2012,1023,14
La Futura,2012,571,93
Clockwork Angels,2012,228,69
Shape Shifter,2012,924,70
13,2013,5,11
"Life, Love & Hope",2013,595,17
Now What ?!,2013,714,24
The Next Day,2013,1078,23
Old Sock,2013,726,33
Cuts Like a Diamond,2013,267,52
Queensrÿche,2013,816,65
The Nashville Sessions,2013,1076,19
What About Now,2013,1228,16
Redeemer of Souls (Deluxe),2014,835,49
Now (Chicago XXXVI),2014,712,19
Ride Out,2014,849,15
Houses of the Holy (Deluxe Edition),2014,499,51
Led Zeppelin III (Deluxe Edition),2014,581,51
Led Zeppelin IV (Deluxe Edition),2014,583,51
The Endless River,2014,1055,63
24 Karat Gold: Songs from the Vault,2014,12,77
Big Music,2014,128,73
Corazón (Deluxe Version),2014,243,70
Led Zeppelin II (Deluxe Edition),2014,579,51
Led Zeppelin (Deluxe Edition),2014,577,51
Southbound,2014,960,82
lullaby and... The Ceaseless Roar,2014,1281,68
"Archives, Vol. 1",2015,86,6
Burning Bridges,2015,187,16
The Book of Souls,2015,1035,42
In Through the out Door (Deluxe Edition),2015,523,51
Physical Graffiti (Deluxe Edition),2015,777,51
Presence (Deluxe Edition),2015,798,51
Toto XIV,2015,1153,89
Shadows in the Night,2015,919,14
Return to Forever,2015,843,71
Def Leppard,2015,285,25
The Purple Album: Special Gold Edition,2015,1089,92
Cass County (Deluxe),2015,197,27
Jeff Lynne's ELO - Alone in the Universe,2015,549,30
Lost & Found,2015,612,6
Condition Hüman,2015,241,65
Paper Gods,2015,751,28
Blue & Lonesome,2016,145,85
I Still Do,2016,510,33
Fallen Angels,2016,374,14
Blackstar,2016,139,23
Santana IV,2016,892,70
The Hits... Revisited,2016,1064,52
Wonderful Crazy Night (Deluxe),2016,1249,31
Stranger To Stranger,2016,993,61
"Bang, Zoom, Crazy…Hello",2016,107,18
Hardwired…To Self-Destruct,2016,454,55
Under the Influence,2016,1190,36
Acoustic,2016,44,73
Beautiful Broken,2016,116,39
Braver Than We Are,2016,167,54
Christmas Christmas,2017,223,18
We're All Alright!,2017,1218,18
Infinite,2017,533,24
Pollinator,2017,793,12
Paranormal,2017,755,4
Road Rage,2017,857,66
Carry Fire,2017,196,68
Triplicate,2017,1168,14
I Knew You When (Deluxe),2017,509,15
Firepower,2018,387,49
In the Blue Light,2018,527,61
Old Is New,2018,725,89
Happy Xmas,2018,450,33
Walk Between Worlds,2018,1211,73
Hollywood Cowboys,2019,486,66
Chicago Christmas (2019),2019,207,19
WHO (Deluxe),2019,1209,86
The Verdict,2019,1112,65
Flesh & Blood (Deluxe Edition),2019,391,92
Africa Speaks,2019,47,70
The Symbol Remains,2020,1107,13
Whoosh!,2020,1237,24
2020,2020,9,16
Ordinary Man,2020,742,59
Rough and Rowdy Ways,2020,877,14
Black Tie,2020,136,52
Crash Of The Crown,2021,249,79
Detroit Stories,2021,297,4
Blessings and Miracles,2021,140,70
Senjutsu,2021,907,42
Liberté,2021,590,82
Voyage,2021,1208,1
Turning to Crime,2021,1176,24
FUTURE PAST,2021,368,28
In Another World,2021,517,18
Freedom,2022,408,48
Diamond Star Halos,2022,300,25
Patient Number 9,2022,760,59
Born For This Moment,2022,156,19
Dirt Does Dylan,2022,306,58
Rock Believer (Deluxe),2022,862,71
Direction of the Heart,2022,304,73
The Zealot Gene,2022,1123,45
Digital Noise Alliance,2022,302,65
DANSE MACABRE,2023,271,28
Shadow Kingdom,2023,918,14
Hackney Diamonds,2023,449,85
RökFlöte,2023,882,45
72 Seasons,2023,17,55
SONIC MOJO,2023,883,36
Greatest Christmas Hits,2023,447,19
i/o,2023,1280,62
Road,2023,856,4
Seven Psalms,2023,908,61
1,2024,2,24
Invincible Shield (Deluxe Edition),2024,538,49
Forever,2024,403,16
Ghost Stories,2024,427,13
